{
  "type": "minecraft:crafting_shapeless",
  "ingredients": [
    {
      "item": "cabiccraft:copper_nugget"
    },
    {
      "item": "cabiccraft:copper_nugget"
    },
    {
      "item": "cabiccraft:copper_nugget"
    },
    {
      "item": "cabiccraft:copper_nugget"
    },
    {
      "item": "cabiccraft:copper_nugget"
    },
    {
      "item": "cabiccraft:copper_nugget"
    },
    {
      "item": "cabiccraft:copper_nugget"
    },
    {
      "item": "cabiccraft:copper_nugget"
    },
    {
      "item": "cabiccraft:copper_nugget"
    }
  ],
  "result": {
    "item": "cabiccraft:copper_ingot"
  }
}