{
  "type": "minecraft:crafting_shapeless",
  "ingredients": [
    {
      "item": "cabiccraft:coal_nugget"
    },
    {
      "item": "cabiccraft:coal_nugget"
    },
    {
      "item": "cabiccraft:coal_nugget"
    },
    {
      "item": "cabiccraft:coal_nugget"
    },
    {
      "item": "cabiccraft:coal_nugget"
    },
    {
      "item": "cabiccraft:coal_nugget"
    },
    {
      "item": "cabiccraft:coal_nugget"
    },
    {
      "item": "cabiccraft:coal_nugget"
    },
    {
      "item": "cabiccraft:coal_nugget"
    }
    ],
  "result": {
    "item": "minecraft:coal",
    "count": 1
  }
}