{
	"credit": "Made by Cubicpath using BlockBench",
	"texture_size": [64, 64],
	"textures": {
		"0": "cabiccraft:entity/silver_shield_base_nopattern"
	},
	"elements": [
		{
			"name": "plate",
			"from": [-6, -11, -2],
			"to": [6, 11, -1],
			"faces": {
				"north": {"uv": [0.25, 0.25, 3.25, 5.75], "texture": "#0"},
				"east": {"uv": [0, 0.25, 0.25, 5.75], "texture": "#0"},
				"south": {"uv": [3.5, 0.25, 6.5, 5.75], "texture": "#0"},
				"west": {"uv": [3.25, 0.25, 3.5, 5.75], "texture": "#0"},
				"up": {"uv": [0.25, 0, 3.25, 0.25], "texture": "#0"},
				"down": {"uv": [0.25, 5.5, 3.25, 5.75], "texture": "#0"}
			}
		},
		{
			"name": "handle",
			"from": [-1, -3, -1],
			"to": [1, 3, 5],
			"faces": {
				"north": {"uv": [8, 1.5, 8.5, 3], "texture": "#0"},
				"east": {"uv": [8.5, 1.5, 10, 3], "texture": "#0"},
				"south": {"uv": [10, 1.5, 10.5, 3], "texture": "#0"},
				"west": {"uv": [6.5, 1.5, 8, 3], "texture": "#0"},
				"up": {"uv": [8, 0, 8.5, 1.5], "texture": "#0"},
				"down": {"uv": [8.5, 0, 9, 1.5], "texture": "#0"}
			}
		}
	],
	"display": {
		"thirdperson_righthand": {
			"rotation": [-90, -90, 90],
			"translation": [-6, -10, -4]
		},
		"thirdperson_lefthand": {
			"rotation": [-90, -90, 90],
			"translation": [-6, -10, 12]
		},
		"firstperson_righthand": {
			"rotation": [0, 0, -5],
			"translation": [10, 0, 9],
			"scale": [1.25, 1.25, 1.25]
		},
		"firstperson_lefthand": {
			"rotation": [0, 0, -5],
			"translation": [-10, 2, 9],
			"scale": [1.25, 1.25, 1.25]
		},
		"ground": {
			"translation": [4, 4, 2],
			"scale": [0.25, 0.25, 0.25]
		},
		"gui": {
			"rotation": [9, 160, -176],
			"translation": [6, -4.75, 0],
			"scale": [0.65, 0.65, 0.65]
		},
		"fixed": {
			"translation": [8, 4, 2],
			"scale": [0.5, 0.5, 0.5]
		}
	},
	"groups": [
		{
			"name": "Body",
			"origin": [8, 8, 8],
			"children": [0, 1]
		}
	]
}